DFRW = Social drinker = BMI = 0,
f-stat,5.1171952970128975
p-value,0.0016519394942126064
dfn,3.0
dfd,726.0
